{"assets/icons/ic-hide-password.svg":["assets/icons/ic-hide-password.svg"],"assets/icons/ic-home-selected.svg":["assets/icons/ic-home-selected.svg"],"assets/icons/ic-show-password.svg":["assets/icons/ic-show-password.svg"],"assets/icons/ic_cms_arrowdown.svg":["assets/icons/ic_cms_arrowdown.svg"],"assets/icons/ic_cms_copy.svg":["assets/icons/ic_cms_copy.svg"],"assets/icons/ic_cms_dotAktif.svg":["assets/icons/ic_cms_dotAktif.svg"],"assets/icons/ic_cms_dotNonAktif.svg":["assets/icons/ic_cms_dotNonAktif.svg"],"assets/icons/ic_cms_home.svg":["assets/icons/ic_cms_home.svg"],"assets/icons/ic_cms_homeSelected.svg":["assets/icons/ic_cms_homeSelected.svg"],"assets/icons/ic_cms_info.svg":["assets/icons/ic_cms_info.svg"],"assets/icons/ic_cms_list.svg":["assets/icons/ic_cms_list.svg"],"assets/icons/ic_cms_listSelected.svg":["assets/icons/ic_cms_listSelected.svg"],"assets/icons/ic_cms_mart.svg":["assets/icons/ic_cms_mart.svg"],"assets/icons/ic_cms_shopping.svg":["assets/icons/ic_cms_shopping.svg"],"assets/icons/ic_eye_light.png":["assets/icons/ic_eye_light.png"],"assets/icons/ic_eye_off.png":["assets/icons/ic_eye_off.png"],"assets/images/cms_profile_logo.png":["assets/images/cms_profile_logo.png"],"assets/images/cms_recruiter_logo.png":["assets/images/cms_recruiter_logo.png"],"assets/images/cms_recruiter_logo.svg":["assets/images/cms_recruiter_logo.svg"],"assets/loading.json":["assets/loading.json"],"packages/cupertino_icons/assets/CupertinoIcons.ttf":["packages/cupertino_icons/assets/CupertinoIcons.ttf"],"packages/fluttertoast/assets/toastify.css":["packages/fluttertoast/assets/toastify.css"],"packages/fluttertoast/assets/toastify.js":["packages/fluttertoast/assets/toastify.js"]}